month,num
2008-09,9
2008-10,5
2008-11,8
2008-12,6
2009-01,11
2009-02,1
2009-03,13
2009-04,3
2009-05,5
2009-06,3
2009-07,5
2009-08,13
2009-09,2
2009-10,3
2009-11,4
2009-12,3
2010-01,58
2010-02,28
2010-03,16
2010-04,30
2010-05,19
2010-06,21
2010-07,19
2010-08,27
2010-09,40
2010-10,29
2010-11,37
2010-12,48
2011-01,2
2011-02,64
2011-03,77
2011-04,78
2011-05,62
2011-06,72
2011-07,103
2011-08,87
2011-09,110
2011-10,143
2011-11,156
2011-12,186
2012-01,283
2012-02,277
2012-03,325
2012-04,341
2012-05,406
2012-06,473
2012-07,641
2012-08,801
2012-09,1071
2012-10,1166
2012-11,1252
2012-12,1545
2013-01,2070
2013-02,2266
2013-03,2360
2013-04,2733
2013-05,3102
2013-06,3000
2013-07,3291
2013-08,3715
2013-09,3875
2013-10,4125
2013-11,4238
2013-12,4669
2014-01,5357
2014-02,5241
2014-03,6275
2014-04,6318
2014-05,6133
2014-06,5356
2014-07,6172
2014-08,6140
2014-09,5821
2014-10,6688
2014-11,7202
2014-12,7886
2015-01,8991
2015-02,8658
2015-03,9549
2015-04,9157
2015-05,9176
2015-06,8717
2015-07,9315
2015-08,9613
2015-09,9500
2015-10,9475
2015-11,8347
2015-12,8789
2016-01,9340
2016-02,8212
2016-03,7941
2016-04,7536
2016-05,7854
2016-06,7343
2016-07,6915
2016-08,7173
2016-09,5956
2016-10,5887
2016-11,5859
2016-12,5990
2017-01,6536
2017-02,5826
2017-03,6226
2017-04,6072
2017-05,5849
2017-06,5542
2017-07,5894
2017-08,6112
2017-09,5643
2017-10,6311
2017-11,6413
2017-12,6306
2018-01,6946
2018-02,6214
2018-03,6675
2018-04,6220
2018-05,6260
2018-06,6047
2018-07,6390
2018-08,6323
2018-09,5967
2018-10,6255
2018-11,6708
2018-12,6285
2019-01,7282
2019-02,6728
2019-03,6998
2019-04,6798
2019-05,6447
2019-06,6383
2019-07,6577
2019-08,6812
2019-09,8120
2019-10,6687
2019-11,6034
2019-12,5581
2020-01,6326
2020-02,5531
2020-03,5402
2020-04,6189
2020-05,6166
2020-06,5443
2020-07,5358
2020-08,5247
2020-09,4852
